{"num of episode":8,"_runtime":22,"Loss critic exo":129.68603515625,"_step":7,"max steps per iter":0,"Loss actor exo":-0.050800714641809464,"_wandb":{"runtime":22},"_timestamp":1.760283663683083e+09,"average return per iter":128.6705884538583}