{"_runtime":21,"average return per iter":1753.02164427118,"Loss actor exo":-0.03688796982169151,"Loss critic exo":627.751953125,"_wandb":{"runtime":21},"_step":6,"max steps per iter":0,"_timestamp":1.760283581474241e+09,"num of episode":2}