{"num of episode":0,"Loss critic exo":4279.083984375,"average return per iter":6418.054199730786,"max steps per iter":4096,"_timestamp":1.7602842086705658e+09,"_step":1,"_runtime":11,"_wandb":{"runtime":11},"Loss actor exo":-0.03116382658481598}