{"_step":1,"Loss actor exo":-0.047289442270994186,"_runtime":8,"num of episode":2,"_wandb":{"runtime":8},"average return per iter":945.5133277993676,"max steps per iter":1802,"_timestamp":1.7602839426071315e+09,"Loss critic exo":1567.489501953125}