{"Loss actor exo":-0.052450258284807205,"num of episode":2,"_timestamp":1.7602841743687856e+09,"Loss critic exo":698.0958251953125,"_wandb":{"runtime":34},"_runtime":34,"max steps per iter":1304,"average return per iter":1223.6470738055389,"_step":14}