{"_step":366,"max steps per iter":984,"_runtime":1720,"average return per iter":229.30907627814005,"Loss critic exo":105.90428161621094,"_timestamp":1.7602859416680002e+09,"num of episode":11,"Loss actor exo":0.12061814218759537,"_wandb":{"runtime":1720}}