{"max steps per iter":1,"Loss critic exo":883.9793701171875,"_runtime":45,"Loss actor exo":-0.058716125786304474,"_step":8,"_wandb":{"runtime":45},"average return per iter":1638.5698160123088,"_timestamp":1.7602834805539374e+09,"num of episode":1}